{"_wandb":{"runtime":199},"train_loss":0.686230480670929,"step":182,"_timestamp":1.7493341040462182e+09,"_runtime":197.654398778,"_step":182}