{"_timestamp":1.7493279598197567e+09,"_runtime":17.442237766,"_step":59,"_wandb":{"runtime":18},"train_loss":0.696928858757019,"step":59}