{"_runtime":143.939897808,"_step":66,"_wandb":{"runtime":144},"train_loss":0.6836670637130737,"step":66,"_timestamp":1.7493380888835468e+09}