{"step":33,"_timestamp":1.7488750751726832e+09,"_runtime":88.528983182,"_wandb":{"runtime":91},"_step":33,"train_loss":0.7394735813140869}