{"_wandb":{"runtime":218},"_step":231,"train_loss":0.6970468759536743,"step":231,"_timestamp":1.7493364834927268e+09,"_runtime":217.946783157}