{"step":6,"_timestamp":1.7488699486019642e+09,"_runtime":19.347785838,"_step":6,"_wandb":{"runtime":25},"train_loss":0.7574737668037415}