{"_step":1123,"train_loss":0.6951825022697449,"step":1123,"_timestamp":1.749336190983594e+09,"_runtime":898.675157523,"_wandb":{"runtime":899}}