{"train_loss":0.7018762230873108,"step":10,"_timestamp":1.7493285194988084e+09,"_wandb":{"runtime":7},"_runtime":6.842001605,"_step":10}