{"_wandb":{"runtime":17},"_runtime":10.966266632,"_step":1,"train_loss":0.7625252604484558,"step":1,"_timestamp":1.7488752554615173e+09}