{"_runtime":7.369302153,"_step":5,"train_loss":0.7010735869407654,"_wandb":{"runtime":8},"step":5,"_timestamp":1.7493306629348123e+09}