{"_runtime":190.363857469,"_step":175,"_wandb":{"runtime":191},"train_loss":0.6850998401641846,"step":175,"_timestamp":1.7493364869791124e+09}