{"_step":126,"train_loss":0.827423095703125,"step":126,"_wandb":{"runtime":96},"_timestamp":1.7488745401544616e+09,"_runtime":95.749980339}