{"_timestamp":1.7493279939549158e+09,"_runtime":19.949320777,"_step":36,"_wandb":{"runtime":21},"train_loss":0.6855087876319885,"step":36}