{"_runtime":27.174385579,"_step":23,"train_loss":0.6831682920455933,"step":23,"_wandb":{"runtime":28},"_timestamp":1.7493338833117352e+09}