{"train_loss":0.7659536600112915,"step":51,"_timestamp":1.7488747940004404e+09,"_runtime":35.879780198,"_wandb":{"runtime":39},"_step":51}