{"train_loss":0.6902965307235718,"step":18,"_timestamp":1.7493329903966818e+09,"_runtime":22.500158793,"_step":18,"_wandb":{"runtime":23}}