{"_timestamp":1.7494076970616066e+09,"_runtime":71199.118413204,"_step":88427,"val_macro_AUPRC":0.4926606750891765,"step":88427,"val_macro_AUROC":0.7983696892415969,"train_loss":0.46598297357559204,"val_micro_F1":0.4281725888324873,"_wandb":{"runtime":71200},"val_macro_F1":0.35657107472820704}