{"step":6,"_timestamp":1.7488700301380682e+09,"_runtime":16.530498357,"_step":6,"train_loss":0.7574737668037415,"_wandb":{"runtime":22}}