{"_wandb":{"runtime":18},"train_loss":0.7133664488792419,"step":14,"_timestamp":1.7493346634357996e+09,"_runtime":17.836483346,"_step":14}