{"_timestamp":1.749328481194574e+09,"_wandb":{"runtime":438},"_runtime":437.454287755,"_step":879,"train_loss":0.4501754343509674,"step":879}