{"_step":157,"_wandb":{"runtime":346},"train_loss":0.7003853917121887,"step":157,"_timestamp":1.7493379171468418e+09,"_runtime":345.432106205}