{"step":219,"_timestamp":1.748874736203768e+09,"_runtime":164.152029277,"_wandb":{"runtime":164},"_step":219,"train_loss":0.7502842545509338}