{"step":419,"_timestamp":1.749335275218962e+09,"_runtime":212.634544009,"_step":419,"train_loss":0.6928207278251648,"_wandb":{"runtime":213}}