{"_wandb":{"runtime":29743},"val_macro_AUROC":0.5322531897502238,"val_macro_F1":3.835091083413231e-05,"_timestamp":1.7493684735190325e+09,"_runtime":29740.209728342,"val_macro_AUPRC":0.18379775042278973,"val_micro_F1":9.342301943198804e-05,"step":13162,"_step":13162,"train_loss":0.40903934836387634}