{"_wandb":{"runtime":268},"train_loss":0.4162203073501587,"step":571,"_timestamp":1.748870672795034e+09,"_runtime":263.381673335,"_step":571}