{"train_loss":0.6875773668289185,"step":277,"_timestamp":1.7493387132258165e+09,"_runtime":604.511922464,"_wandb":{"runtime":605},"_step":277}