{"_step":24,"train_loss":0.6853201389312744,"step":24,"_timestamp":1.7493285451487143e+09,"_runtime":13.841550501,"_wandb":{"runtime":14}}