{"_timestamp":1.7489147833065393e+09,"_runtime":32142.746786067,"val_macro_F1":0.5142519018948812,"val_macro_AUPRC":0.5970397607197537,"val_micro_F1":0.5608027665967459,"step":28954,"_wandb":{"runtime":32142},"train_loss":0.21884934604167938,"_step":28955,"val_macro_AUROC":0.8488591389922466}