{"step":23,"_timestamp":1.748875164976523e+09,"_runtime":23.644126081,"_step":23,"_wandb":{"runtime":24},"train_loss":0.718579113483429}