{"step":77,"_timestamp":1.7488701787441144e+09,"_runtime":42.194751591,"_step":77,"_wandb":{"runtime":47},"train_loss":0.7384636998176575}