{"_wandb":{"runtime":5},"train_loss":0.6932691931724548,"step":2,"_timestamp":1.7493341831929076e+09,"_runtime":4.346035467,"_step":2}