{"_step":582,"_wandb":{"runtime":629},"train_loss":0.6760396361351013,"step":582,"_timestamp":1.7493361986282697e+09,"_runtime":629.323560942}