{"_runtime":38.087937475,"_step":51,"_wandb":{"runtime":40},"train_loss":0.7659893035888672,"step":51,"_timestamp":1.748875225624436e+09}