{"train_loss":0.6831570267677307,"step":66,"_wandb":{"runtime":36},"_timestamp":1.7493350334930444e+09,"_runtime":35.184081566,"_step":66}