{"val_macro_F1":3.842459173871278e-05,"step":14083,"val_micro_F1":9.344047841524949e-05,"_timestamp":1.749368506656881e+09,"train_loss":0.3790627717971802,"_wandb":{"runtime":31538},"_runtime":31538.105944482,"_step":14083,"val_macro_AUROC":0.5946535279940408,"val_macro_AUPRC":0.21830773463306966}