{"_wandb":{"runtime":31},"_step":25,"train_loss":0.6976422071456909,"step":25,"_timestamp":1.7493307272377756e+09,"_runtime":29.790087901}