{"_wandb":{"runtime":22},"_timestamp":1.7493280274262238e+09,"_runtime":17.140845471,"_step":1,"train_loss":0.6981138586997986,"step":1}