{"step":5790,"_timestamp":1.7488813088248105e+09,"_runtime":6031.031590344,"_step":5790,"_wandb":{"runtime":6031},"train_loss":0.430219441652298}