{"val_macro_AUPRC":0.26922038035311724,"step":14539,"_runtime":32217.980466342,"_step":14539,"val_macro_AUROC":0.6584671656824422,"train_loss":0.34943339228630066,"_timestamp":1.7493687198028567e+09,"val_macro_F1":0.006752672521214096,"val_micro_F1":0.014358499305233906,"_wandb":{"runtime":32219}}